Date,Open,High,Low,Close,Adj Close,Volume
7/5/2021,35284.34375,35284.34375,33213.66016,33746.00391,33746.00391,26721554282
7/6/2021,33723.50781,35038.53516,33599.91797,34235.19531,34235.19531,26501259870
7/7/2021,34225.67969,34997.66406,33839.28906,33855.32813,33855.32813,24796027477
7/8/2021,33889.60547,33907.90625,32133.18359,32877.37109,32877.37109,29910396946
7/9/2021,32861.67188,34042.29297,32318.88086,33798.01172,33798.01172,27436021028
7/10/2021,33811.24219,34209.07031,33116.01172,33520.51953,33520.51953,22971873468
7/11/2021,33509.07813,34584.70313,33346.73828,34240.1875,34240.1875,20108729370
7/12/2021,34254.01563,34592.15625,32697.30859,33155.84766,33155.84766,24321499537
7/13/2021,33125.46875,33327.10156,32261.41992,32702.02539,32702.02539,19120856669
7/14/2021,32723.8457,33061.39844,31639.125,32822.34766,32822.34766,21376531210
7/15/2021,32827.875,33159.64063,31175.70898,31780.73047,31780.73047,21300524237
7/16/2021,31841.55078,32218.40625,31100.67383,31421.53906,31421.53906,23699476918
7/17/2021,31397.30859,31935.94531,31223.99023,31533.06836,31533.06836,18895018942
7/18/2021,31533.88477,32398.99609,31215.49219,31796.81055,31796.81055,18787986667
7/19/2021,31800.01172,31885.85938,30563.73438,30817.83203,30817.83203,20434789545
7/20/2021,30838.28516,31006.1875,29360.95508,29807.34766,29807.34766,23148267245
7/21/2021,29796.28516,32752.32617,29526.18359,32110.69336,32110.69336,28203024559
7/22/2021,32138.87305,32576.40039,31745.29883,32313.10547,32313.10547,19555230518
7/23/2021,32305.95898,33581.55078,32057.89258,33581.55078,33581.55078,22552046192
7/24/2021,33593.73047,34490.39063,33424.85938,34292.44531,34292.44531,21664706865
7/25/2021,34290.29297,35364.92578,33881.83594,35350.1875,35350.1875,20856685287
7/26/2021,35384.03125,40499.67578,35287.3125,37337.53516,37337.53516,51022126212
7/27/2021,37276.03516,39406.94141,36441.72656,39406.94141,39406.94141,35097370560
7/28/2021,39503.1875,40816.07031,38862.4375,39995.90625,39995.90625,38702404695
7/29/2021,39995.45313,40593.07031,39352.05859,40008.42188,40008.42188,27167146027
7/30/2021,40027.48438,42235.54688,38397.35547,42235.54688,42235.54688,33072782960
7/31/2021,42196.30469,42231.44922,41110.83203,41626.19531,41626.19531,25802845343
8/1/2021,41460.84375,42541.67969,39540.94141,39974.89453,39974.89453,26688438115
8/2/2021,39907.26172,40419.17969,38746.34766,39201.94531,39201.94531,25595265436
8/3/2021,39178.40234,39750.03125,37782.05078,38152.98047,38152.98047,26189830450
8/4/2021,38213.33203,39952.29688,37589.16406,39747.50391,39747.50391,25372562724
8/5/2021,39744.51563,41341.93359,37458.00391,40869.55469,40869.55469,35185031017
8/6/2021,40865.86719,43271.66016,39932.17969,42816.5,42816.5,38226483046
8/7/2021,42832.79688,44689.85938,42618.56641,44555.80078,44555.80078,40030862141
8/8/2021,44574.4375,45282.35156,43331.91016,43798.11719,43798.11719,36302664750
8/9/2021,43791.92578,46456.83203,42848.6875,46365.40234,46365.40234,38734079049
8/10/2021,46280.84766,46637.98828,44705.55469,45585.03125,45585.03125,33546019517
8/11/2021,45599.70313,46735.63281,45351.71094,45593.63672,45593.63672,34319709073
8/12/2021,45576.87891,46228.91016,43861.44531,44428.28906,44428.28906,33723620826
8/13/2021,44439.69141,47831.97656,44282.41797,47793.32031,47793.32031,31744259539
8/14/2021,47810.6875,48098.68359,46177.63281,47096.94531,47096.94531,31211354442
8/15/2021,47096.66797,47357.10547,45579.58984,47047.00391,47047.00391,30988958446
8/16/2021,47019.96094,47998.09766,45700.32031,46004.48438,46004.48438,32776876610
8/17/2021,45936.45703,47139.57031,44512.41797,44695.35938,44695.35938,33451362600
8/18/2021,44686.75,45952.0625,44364.02734,44801.1875,44801.1875,32194123075
8/19/2021,44741.88281,46970.76172,43998.31641,46717.57813,46717.57813,37204312299
8/20/2021,46723.12109,49342.15234,46650.70703,49339.17578,49339.17578,34706867452
8/21/2021,49327.07422,49717.01953,48312.19922,48905.49219,48905.49219,40585205312
8/22/2021,48869.10547,49471.60938,48199.94141,49321.65234,49321.65234,25370975378
8/23/2021,49291.67578,50482.07813,49074.60547,49546.14844,49546.14844,34305053719
8/24/2021,49562.34766,49878.76953,47687.11719,47706.11719,47706.11719,35361168834
8/25/2021,47727.25781,49202.87891,47163.61328,48960.78906,48960.78906,32646349931
8/26/2021,49002.64063,49347.58203,46405.78125,46942.21875,46942.21875,32666549568
8/27/2021,46894.55469,49112.78516,46394.28125,49058.66797,49058.66797,34511076995
8/28/2021,49072.58594,49283.50391,48499.23828,48902.40234,48902.40234,28568103401
8/29/2021,48911.25,49644.11328,47925.85547,48829.83203,48829.83203,25889650240
8/30/2021,48834.85156,48925.60547,46950.27344,47054.98438,47054.98438,31847007016
8/31/2021,47024.33984,48189.55078,46750.09375,47166.6875,47166.6875,34730363427
9/1/2021,47099.77344,49111.08984,46562.4375,48847.02734,48847.02734,39139399125
9/2/2021,48807.84766,50343.42188,48652.32031,49327.72266,49327.72266,39508070319
9/3/2021,49288.25,50982.27344,48386.08594,50025.375,50025.375,43206179619
9/4/2021,50009.32422,50545.58203,49548.78125,49944.625,49944.625,37471327794
9/5/2021,49937.85938,51868.67969,49538.59766,51753.41016,51753.41016,30322676319
9/6/2021,51769.00391,52700.94141,51053.67969,52633.53516,52633.53516,38884105426
9/7/2021,52660.48047,52853.76563,43285.20703,46811.12891,46811.12891,65210059683
9/8/2021,46827.76172,47334.05469,44561.39453,46091.39063,46091.39063,49007762488
9/9/2021,45774.74219,47261.94922,45669.73828,46391.42188,46391.42188,38672657013
9/10/2021,46396.66406,47031.74219,44344.48438,44883.91016,44883.91016,39154666597
9/11/2021,44869.83984,45969.29297,44818.26563,45201.45703,45201.45703,34499835245
9/12/2021,45206.62891,46364.87891,44790.46094,46063.26953,46063.26953,27881980161
9/13/2021,46057.21484,46598.67969,43591.32031,44963.07422,44963.07422,40969943253
9/14/2021,44960.05078,47218.125,44752.33203,47092.49219,47092.49219,38652152880
9/15/2021,47098,48450.46875,46773.32813,48176.34766,48176.34766,30484496466
9/16/2021,48158.90625,48486.82813,47079.55859,47783.35938,47783.35938,31764293754
9/17/2021,47771.00391,48160.92188,46832.52344,47267.51953,47267.51953,28727713711
9/18/2021,47273.52734,48791.78125,47087.28516,48278.36328,48278.36328,28575630451
9/19/2021,48268.85547,48328.36719,46919.80469,47260.21875,47260.21875,26967722648
9/20/2021,47261.40625,47328.19922,42598.91406,42843.80078,42843.80078,43909845642
9/21/2021,43012.23438,43607.60938,39787.60938,40693.67578,40693.67578,48701090088
9/22/2021,40677.95313,43978.62109,40625.63281,43574.50781,43574.50781,38139709246
9/23/2021,43560.29688,44942.17578,43109.33984,44895.09766,44895.09766,34244064430
9/24/2021,44894.30078,45080.49219,40936.55859,42839.75,42839.75,42839345714
9/25/2021,42840.89063,42996.25781,41759.92188,42716.59375,42716.59375,31604717236
9/26/2021,42721.62891,43919.30078,40848.46094,43208.53906,43208.53906,30661222077
9/27/2021,43234.18359,44313.24609,42190.63281,42235.73047,42235.73047,30980029059
9/28/2021,42200.89844,42775.14453,40931.66406,41034.54297,41034.54297,30214940550
9/29/2021,41064.98438,42545.25781,40829.66797,41564.36328,41564.36328,30602359905
9/30/2021,41551.26953,44092.60156,41444.58203,43790.89453,43790.89453,31141681925
10/1/2021,43816.74219,48436.01172,43320.02344,48116.94141,48116.94141,42850641582
10/2/2021,48137.46875,48282.0625,47465.49609,47711.48828,47711.48828,30614346492
10/3/2021,47680.02734,49130.69141,47157.28906,48199.95313,48199.95313,26638115879
10/4/2021,48208.90625,49456.77734,47045.00391,49112.90234,49112.90234,33383173002
10/5/2021,49174.96094,51839.98438,49072.83984,51514.8125,51514.8125,35873904236
10/6/2021,51486.66406,55568.46484,50488.19141,55361.44922,55361.44922,49034730168
10/7/2021,55338.625,55338.625,53525.46875,53805.98438,53805.98438,36807860413
10/8/2021,53802.14453,55922.98047,53688.05469,53967.84766,53967.84766,34800873924
10/9/2021,53929.78125,55397.94531,53735.14453,54968.22266,54968.22266,32491211414
10/10/2021,54952.82031,56401.30469,54264.25781,54771.57813,54771.57813,39527792364
10/11/2021,54734.125,57793.03906,54519.76563,57484.78906,57484.78906,42637331698
10/12/2021,57526.83203,57627.87891,54477.97266,56041.05859,56041.05859,41083758949
10/13/2021,56038.25781,57688.66016,54370.97266,57401.09766,57401.09766,41684252783
10/14/2021,57372.83203,58478.73438,56957.07422,57321.52344,57321.52344,36615791366
10/15/2021,57345.90234,62757.12891,56868.14453,61593.94922,61593.94922,51780081801
10/16/2021,61609.52734,62274.47656,60206.12109,60892.17969,60892.17969,34250964237
10/17/2021,60887.65234,61645.52344,59164.46875,61553.61719,61553.61719,29032367511
10/18/2021,61548.80469,62614.66016,60012.75781,62026.07813,62026.07813,38055562075
10/19/2021,62043.16406,64434.53516,61622.93359,64261.99219,64261.99219,40471196346
10/20/2021,64284.58594,66930.39063,63610.67578,65992.83594,65992.83594,40788955582
10/21/2021,66002.23438,66600.54688,62117.41016,62210.17188,62210.17188,45908121370
10/22/2021,62237.89063,63715.02344,60122.79688,60692.26563,60692.26563,38434082775
10/23/2021,60694.62891,61743.87891,59826.52344,61393.61719,61393.61719,26882546034
10/24/2021,61368.34375,61505.80469,59643.34375,60930.83594,60930.83594,27316183882
10/25/2021,60893.92578,63729.32422,60691.80078,63039.82422,63039.82422,31064911614
10/26/2021,63032.76172,63229.02734,59991.16016,60363.79297,60363.79297,34878965587
10/27/2021,60352,61435.18359,58208.1875,58482.38672,58482.38672,43657076893
10/28/2021,58470.73047,62128.63281,58206.91797,60622.13672,60622.13672,45257083247
10/29/2021,60624.87109,62927.60938,60329.96484,62227.96484,62227.96484,36856881767
10/30/2021,62239.36328,62330.14453,60918.38672,61888.83203,61888.83203,32157938616
10/31/2021,61850.48828,62406.17188,60074.32813,61318.95703,61318.95703,32241199927
11/1/2021,61320.44922,62419.00391,59695.18359,61004.40625,61004.40625,36150572843
11/2/2021,60963.25391,64242.79297,60673.05469,63226.40234,63226.40234,37746665647
11/3/2021,63254.33594,63516.9375,61184.23828,62970.04688,62970.04688,36124731509
11/4/2021,62941.80469,63123.28906,60799.66406,61452.23047,61452.23047,32615846901
11/5/2021,61460.07813,62541.46875,60844.60938,61125.67578,61125.67578,30605102446
11/6/2021,61068.875,61590.68359,60163.78125,61527.48047,61527.48047,29094934221
11/7/2021,61554.92188,63326.98828,61432.48828,63326.98828,63326.98828,24726754302
11/8/2021,63344.06641,67673.74219,63344.06641,67566.82813,67566.82813,41125608330
11/9/2021,67549.73438,68530.33594,66382.0625,66971.82813,66971.82813,42357991721
11/10/2021,66953.33594,68789.625,63208.11328,64995.23047,64995.23047,48730828378
11/11/2021,64978.89063,65579.01563,64180.48828,64949.96094,64949.96094,35880633236
11/12/2021,64863.98047,65460.81641,62333.91406,64155.94141,64155.94141,36084893887
11/13/2021,64158.12109,64915.67578,63303.73438,64469.52734,64469.52734,30474228777
11/14/2021,64455.37109,65495.17969,63647.80859,65466.83984,65466.83984,25122092191
11/15/2021,65521.28906,66281.57031,63548.14453,63557.87109,63557.87109,30558763548
11/16/2021,63721.19531,63721.19531,59016.33594,60161.24609,60161.24609,46844335592
11/17/2021,60139.62109,60823.60938,58515.41016,60368.01172,60368.01172,39178392930
11/18/2021,60360.13672,60948.5,56550.79297,56942.13672,56942.13672,41388338699
11/19/2021,56896.12891,58351.11328,55705.17969,58119.57813,58119.57813,38702407772
11/20/2021,58115.08203,59859.87891,57469.72656,59697.19531,59697.19531,30624264863
11/21/2021,59730.50781,60004.42578,58618.92969,58730.47656,58730.47656,26123447605
11/22/2021,58706.84766,59266.35938,55679.83984,56289.28906,56289.28906,35036121783
11/23/2021,56304.55469,57875.51563,55632.76172,57569.07422,57569.07422,37485803899
11/24/2021,57565.85156,57803.06641,55964.22266,56280.42578,56280.42578,36635566789
11/25/2021,57165.41797,59367.96875,57146.68359,57274.67969,57274.67969,34284016248
11/26/2021,58960.28516,59183.48047,53569.76563,53569.76563,53569.76563,41810748221
11/27/2021,53736.42969,55329.25781,53668.35547,54815.07813,54815.07813,30560857714
11/28/2021,54813.02344,57393.84375,53576.73438,57248.45703,57248.45703,28116886357
11/29/2021,57291.90625,58872.87891,56792.52734,57806.56641,57806.56641,32370840356
11/30/2021,57830.11328,59113.40234,56057.28125,57005.42578,57005.42578,36708594618
12/1/2021,56907.96484,59041.68359,56553.08203,57229.82813,57229.82813,36858195307
12/2/2021,57217.37109,57349.23438,55895.13281,56477.81641,56477.81641,32379968686
12/3/2021,56509.16406,57482.16797,52496.58594,53598.24609,53598.24609,39789134215
12/4/2021,53727.87891,53904.67969,42874.61719,49200.70313,49200.70313,61385677469
12/5/2021,49201.51953,49768.14844,47857.49609,49368.84766,49368.84766,37198201161
12/6/2021,49413.48047,50929.51953,47281.03516,50582.625,50582.625,37707308001
12/7/2021,50581.82813,51934.78125,50175.80859,50700.08594,50700.08594,33676814852
12/8/2021,50667.64844,51171.375,48765.98828,50504.79688,50504.79688,28479699446
12/9/2021,50450.08203,50797.16406,47358.35156,47672.12109,47672.12109,29603577251
12/10/2021,47642.14453,50015.25391,47023.69922,47243.30469,47243.30469,30966005122
12/11/2021,47264.63281,49458.21094,46942.34766,49362.50781,49362.50781,25775869261
12/12/2021,49354.85547,50724.86719,48725.85156,50098.33594,50098.33594,21939223599
12/13/2021,50114.74219,50205,45894.84766,46737.48047,46737.48047,32166727776
12/14/2021,46709.82422,48431.39844,46424.49609,46612.63281,46612.63281,34638619079
12/15/2021,48379.75391,49473.95703,46671.96484,48896.72266,48896.72266,36541828520
12/16/2021,48900.46484,49425.57422,47529.87891,47665.42578,47665.42578,27268150947
12/17/2021,47653.73047,48004.89453,45618.21484,46202.14453,46202.14453,32902725329
12/18/2021,46219.25391,47313.82813,45598.44141,46848.77734,46848.77734,26098292690
12/19/2021,46853.86719,48089.66406,46502.95313,46707.01563,46707.01563,25154053861
12/20/2021,46707.0625,47401.71875,45579.80859,46880.27734,46880.27734,30961902129
12/21/2021,46886.07813,49300.91797,46698.77344,48936.61328,48936.61328,27055803928
12/22/2021,48937.09766,49544.79688,48450.94141,48628.51172,48628.51172,24447979559
12/23/2021,48626.34375,51332.33984,48065.83594,50784.53906,50784.53906,28223878108
12/24/2021,50806.05078,51814.02734,50514.49609,50822.19531,50822.19531,24367912228
12/25/2021,50854.91797,51176.59766,50236.70703,50429.85938,50429.85938,19030650914
12/26/2021,50428.69141,51196.37891,49623.10547,50809.51563,50809.51563,20964372926
12/27/2021,50802.60938,51956.32813,50499.46875,50640.41797,50640.41797,24324345758
12/28/2021,50679.85938,50679.85938,47414.21094,47588.85547,47588.85547,33430376883
12/29/2021,47623.87109,48119.74219,46201.49609,46444.71094,46444.71094,30049226299
12/30/2021,46490.60547,47879.96484,46060.3125,47178.125,47178.125,26686491018
12/31/2021,47169.37109,48472.52734,45819.95313,46306.44531,46306.44531,36974172400
1/1/2022,46311.74609,47827.3125,46288.48438,47686.8125,47686.8125,24582667004
1/2/2022,47680.92578,47881.40625,46856.9375,47345.21875,47345.21875,27951569547
1/3/2022,47343.54297,47510.72656,45835.96484,46458.11719,46458.11719,33071628362
1/4/2022,46458.85156,47406.54688,45752.46484,45897.57422,45897.57422,42494677905
1/5/2022,45899.35938,46929.04688,42798.22266,43569.00391,43569.00391,36851084859
1/6/2022,43565.51172,43748.71875,42645.53906,43160.92969,43160.92969,30208048289
1/7/2022,43153.57031,43153.57031,41077.44531,41557.90234,41557.90234,84196607520
1/8/2022,41561.46484,42228.94141,40672.27734,41733.94141,41733.94141,28066355845
1/9/2022,41734.72656,42663.94922,41338.16016,41911.60156,41911.60156,21294384372
1/10/2022,41910.23047,42199.48438,39796.57031,41821.26172,41821.26172,32104232331
1/11/2022,41819.50781,43001.15625,41407.75391,42735.85547,42735.85547,26327648900
1/12/2022,42742.17969,44135.36719,42528.98828,43949.10156,43949.10156,33499938689
1/13/2022,43946.74219,44278.42188,42447.04297,42591.57031,42591.57031,47691135082
1/14/2022,42598.87109,43346.6875,41982.61719,43099.69922,43099.69922,23577403399
1/15/2022,43101.89844,43724.67188,42669.03516,43177.39844,43177.39844,18371348298
1/16/2022,43172.03906,43436.80859,42691.02344,43113.87891,43113.87891,17902097845
1/17/2022,43118.12109,43179.39063,41680.32031,42250.55078,42250.55078,21690904261
1/18/2022,42250.07422,42534.40234,41392.21484,42375.63281,42375.63281,22417209227
1/19/2022,42374.03906,42478.30469,41242.91406,41744.32813,41744.32813,23091543258
1/20/2022,41744.02734,43413.02344,40672.82422,40680.41797,40680.41797,20382033940
1/21/2022,40699.60547,41060.52734,35791.42578,36457.31641,36457.31641,43011992031
1/22/2022,36471.58984,36688.8125,34349.25,35030.25,35030.25,39714385405
1/23/2022,35047.35938,36433.3125,34784.96875,36276.80469,36276.80469,26017975951
1/24/2022,36275.73438,37247.51953,33184.05859,36654.32813,36654.32813,41856658597
1/25/2022,36654.80469,37444.57031,35779.42969,36954.00391,36954.00391,26428189594
1/26/2022,36950.51563,38825.41016,36374.90625,36852.12109,36852.12109,31324598034
1/27/2022,36841.87891,37148.32422,35629.28125,37138.23438,37138.23438,25041426629
1/28/2022,37128.44531,37952.87891,36211.10938,37784.33203,37784.33203,22238830523
1/29/2022,37780.71484,38576.26172,37406.47266,38138.17969,38138.17969,17194183075
1/30/2022,38151.91797,38266.33984,37437.71094,37917.60156,37917.60156,14643548444
1/31/2022,37920.28125,38647.26172,36733.57422,38483.125,38483.125,20734730465
2/1/2022,38481.76563,39115.13281,38113.66406,38743.27344,38743.27344,20288500328
2/2/2022,38743.71484,38834.61719,36832.73047,36952.98438,36952.98438,19155189416
2/3/2022,36944.80469,37154.60156,36375.53906,37154.60156,37154.60156,18591534769
2/4/2022,37149.26563,41527.78516,37093.62891,41500.875,41500.875,29412210792
2/5/2022,41501.48047,41847.16406,41038.09766,41441.16406,41441.16406,19652846215
2/6/2022,41441.12109,42500.78516,41244.90625,42412.43359,42412.43359,16142097334
2/7/2022,42406.78125,44401.86328,41748.15625,43840.28516,43840.28516,28641855926
2/8/2022,43854.65234,45293.86719,42807.83594,44118.44531,44118.44531,33079398868
2/9/2022,44096.70313,44727.80078,43232.96875,44338.79688,44338.79688,23245887300
2/10/2022,44347.80078,45661.17188,43402.80859,43565.11328,43565.11328,32142048537
2/11/2022,43571.12891,43810.83203,42114.53906,42407.9375,42407.9375,26954925781
2/12/2022,42412.30078,42992.55078,41852.57422,42244.46875,42244.46875,18152390304
2/13/2022,42236.56641,42693.05469,41950.94141,42197.51563,42197.51563,14741589015
2/14/2022,42157.39844,42775.77734,41681.95703,42586.91797,42586.91797,20827783012
2/15/2022,42586.46484,44667.21875,42491.03516,44575.20313,44575.20313,22721659051
2/16/2022,44578.27734,44578.27734,43456.69141,43961.85938,43961.85938,19792547657
2/17/2022,43937.07031,44132.97266,40249.37109,40538.01172,40538.01172,26246662813
2/18/2022,40552.13281,40929.15234,39637.61719,40030.97656,40030.97656,23310007704
2/19/2022,40026.02344,40418.87891,39713.05859,40122.15625,40122.15625,13736557863
2/20/2022,40118.10156,40119.89063,38112.8125,38431.37891,38431.37891,18340576452
2/21/2022,38423.21094,39394.4375,36950.47656,37075.28125,37075.28125,29280402798
2/22/2022,37068.76953,38359.85547,36488.93359,38286.02734,38286.02734,25493150450
2/23/2022,38285.28125,39122.39453,37201.81641,37296.57031,37296.57031,21849073843
2/24/2022,37278.56641,38968.83984,34459.21875,38332.60938,38332.60938,46383802093
2/25/2022,38333.74609,39630.32422,38111.34375,39214.21875,39214.21875,26545599159
2/26/2022,39213.08203,40005.34766,38702.53516,39105.14844,39105.14844,17467554129
2/27/2022,39098.69922,39778.94141,37268.97656,37709.78516,37709.78516,23450127612
2/28/2022,37706,43760.45703,37518.21484,43193.23438,43193.23438,35690014104
3/1/2022,43194.50391,44793.60156,42952.58594,44354.63672,44354.63672,32479047645
3/2/2022,44357.61719,45077.57813,43432.85156,43924.11719,43924.11719,29183112630
3/3/2022,43925.19531,44021.57813,41914.75,42451.78906,42451.78906,24967782593
3/4/2022,42458.14063,42479.61328,38805.84766,39137.60547,39137.60547,28516271427
3/5/2022,39148.44922,39566.33594,38777.03516,39400.58594,39400.58594,16975917450
3/6/2022,39404.19922,39640.17578,38211.64844,38419.98438,38419.98438,19745229902
3/7/2022,38429.30469,39430.22656,37260.20313,38062.03906,38062.03906,28546143503
3/8/2022,38059.90234,39304.44141,37957.38672,38737.26953,38737.26953,25776583476
3/9/2022,38742.81641,42465.67188,38706.09375,41982.92578,41982.92578,32284121034
3/10/2022,41974.07031,42004.72656,38832.94141,39437.46094,39437.46094,31078064711
3/11/2022,39439.96875,40081.67969,38347.43359,38794.97266,38794.97266,26364890465
3/12/2022,38794.46484,39308.59766,38772.53516,38904.01172,38904.01172,14616450657
3/13/2022,38884.72656,39209.35156,37728.14453,37849.66406,37849.66406,17300745310
3/14/2022,37846.31641,39742.5,37680.73438,39666.75391,39666.75391,24322159070
3/15/2022,39664.25,39794.62891,38310.21094,39338.78516,39338.78516,23934000868
3/16/2022,39335.57031,41465.45313,39022.34766,41143.92969,41143.92969,39616916192
3/17/2022,41140.84375,41287.53516,40662.87109,40951.37891,40951.37891,22009601093
3/18/2022,40944.83984,42195.74609,40302.39844,41801.15625,41801.15625,34421564942
3/19/2022,41794.64844,42316.55469,41602.66797,42190.65234,42190.65234,19664853187
3/20/2022,42191.40625,42241.16406,41004.75781,41247.82422,41247.82422,20127946682
3/21/2022,41246.13281,41454.41016,40668.04297,41077.99609,41077.99609,24615543271
3/22/2022,41074.10547,43124.70703,40948.28125,42358.80859,42358.80859,32004652376
3/23/2022,42364.37891,42893.50781,41877.50781,42892.95703,42892.95703,25242943069
3/24/2022,42886.65234,44131.85547,42726.16406,43960.93359,43960.93359,31042992291
3/25/2022,43964.54688,44999.49219,43706.28516,44348.73047,44348.73047,30574413034
3/26/2022,44349.85938,44735.99609,44166.27344,44500.82813,44500.82813,16950455995
3/27/2022,44505.35547,46827.54688,44437.29297,46820.49219,46820.49219,28160889722
3/28/2022,46821.85156,48086.83594,46690.20313,47128.00391,47128.00391,36362175703
3/29/2022,47100.4375,48022.28906,47100.4375,47465.73047,47465.73047,31397059069
3/30/2022,47456.89844,47655.14844,46746.21094,47062.66406,47062.66406,29333883962
3/31/2022,47062.14844,47512.02734,45390.53906,45538.67578,45538.67578,33327427106
4/1/2022,45554.16406,46616.24219,44403.14063,46281.64453,46281.64453,38162644287
4/2/2022,46285.5,47028.28125,45782.51172,45868.94922,45868.94922,29336594194
4/3/2022,45859.12891,47313.47656,45634.10547,46453.56641,46453.56641,25414397610
4/4/2022,46445.27344,46791.08984,45235.81641,46622.67578,46622.67578,32499785455
4/5/2022,46624.50781,47106.14063,45544.80859,45555.99219,45555.99219,29640604055
4/6/2022,45544.35547,45544.35547,43193.95313,43206.73828,43206.73828,39393395788
4/7/2022,43207.5,43860.69922,42899.90625,43503.84766,43503.84766,26101973106
4/8/2022,43505.13672,43903.01953,42183.28906,42287.66406,42287.66406,27215995394
4/9/2022,42282.07813,42786.81641,42183.25391,42782.13672,42782.13672,16050772496
4/10/2022,42781.08984,43376.37891,42021.20703,42207.67188,42207.67188,17654475582
4/11/2022,42201.03906,42424.58984,39373.05859,39521.90234,39521.90234,33949912166
4/12/2022,39533.71484,40617.58594,39388.32813,40127.18359,40127.18359,30991500854
4/13/2022,40123.57031,41430.05469,39712.74609,41166.73047,41166.73047,27691105228
4/14/2022,41160.21875,41451.48047,39695.74609,39935.51563,39935.51563,24342001973
4/15/2022,39939.40234,40617.72266,39866.83203,40553.46484,40553.46484,21756855753
4/16/2022,40552.31641,40633.67969,40078.42578,40424.48438,40424.48438,16833150693
4/17/2022,40417.77734,40570.72656,39620.89453,39716.95313,39716.95313,19087633042
4/18/2022,39721.20313,40986.32031,38696.19141,40826.21484,40826.21484,33705182072
4/19/2022,40828.17578,41672.96094,40618.63281,41502.75,41502.75,25303206547
4/20/2022,41501.74609,42126.30078,40961.09766,41374.37891,41374.37891,27819532341
4/21/2022,41371.51563,42893.58203,40063.82813,40527.36328,40527.36328,35372786395
4/22/2022,40525.86328,40777.75781,39315.41797,39740.32031,39740.32031,28011716745
4/23/2022,39738.72266,39935.85938,39352.20313,39486.73047,39486.73047,16138021249
4/24/2022,39478.375,39845.92578,39233.53906,39469.29297,39469.29297,17964398167
4/25/2022,39472.60547,40491.75391,38338.37891,40458.30859,40458.30859,35445730570
4/26/2022,40448.42188,40713.89063,37884.98438,38117.46094,38117.46094,34569088416
4/27/2022,38120.30078,39397.91797,37997.3125,39241.12109,39241.12109,30981015184
4/28/2022,39241.42969,40269.46484,38941.42188,39773.82813,39773.82813,33903704907
4/29/2022,39768.61719,39887.26953,38235.53516,38609.82422,38609.82422,30882994649
4/30/2022,38605.85938,38771.21094,37697.94141,37714.875,37714.875,23895713731
5/1/2022,37713.26563,38627.85938,37585.78906,38469.09375,38469.09375,27002760110
5/2/2022,38472.1875,39074.97266,38156.5625,38529.32813,38529.32813,32922642426
5/3/2022,38528.10938,38629.99609,37585.62109,37750.45313,37750.45313,27326943244
5/4/2022,37748.01172,39902.94922,37732.05859,39698.37109,39698.37109,36754404490
5/5/2022,39695.74609,39789.28125,35856.51563,36575.14063,36575.14063,43106256317
5/6/2022,36573.18359,36624.35938,35482.13281,36040.92188,36040.92188,37795577489
5/7/2022,36042.50391,36129.92578,34940.82422,35501.95313,35501.95313,24375896406
5/8/2022,35502.94141,35502.94141,33878.96484,34059.26563,34059.26563,36763041910
5/9/2022,34060.01563,34222.07422,30296.95313,30296.95313,30296.95313,63355494961
5/10/2022,30273.6543,32596.30859,29944.80273,31022.90625,31022.90625,59811038817
5/11/2022,31016.18359,32013.40234,28170.41406,28936.35547,28936.35547,70388855818
5/12/2022,28936.73438,30032.43945,26350.49023,29047.75195,29047.75195,66989173272
5/13/2022,29030.91016,30924.80273,28782.33008,29283.10352,29283.10352,42841124537
5/14/2022,29285.64258,30192.80273,28702.91016,30101.26563,30101.26563,28579868620
5/15/2022,30098.58594,31308.19141,29527.74023,31305.11328,31305.11328,25835372065
5/16/2022,31304.375,31305.3418,29251.88477,29862.91797,29862.91797,32613897286
5/17/2022,29862.4082,30694.49023,29570.30273,30425.85742,30425.85742,29101473475
5/18/2022,30424.47852,30618.7168,28720.27148,28720.27148,28720.27148,31285268319
5/19/2022,28720.35938,30430.75195,28708.95508,30314.33398,30314.33398,33773447707
5/20/2022,30311.11914,30664.97656,28793.60547,29200.74023,29200.74023,30749382605
5/21/2022,29199.85938,29588.86914,29027.39453,29432.22656,29432.22656,17274840442
5/22/2022,29432.47266,30425.86133,29275.18359,30323.72266,30323.72266,21631532270
5/23/2022,30309.39648,30590.58594,28975.56055,29098.91016,29098.91016,31483454557
5/24/2022,29101.125,29774.35547,28786.58984,29655.58594,29655.58594,26616506245
5/25/2022,29653.13477,30157.78516,29384.94922,29562.36133,29562.36133,27525063551
5/26/2022,29564.77734,29834.16016,28261.90625,29267.22461,29267.22461,36774325352
5/27/2022,29251.14063,29346.94336,28326.61328,28627.57422,28627.57422,36582005748
5/28/2022,28622.625,28814.90039,28554.56641,28814.90039,28814.90039,35519577634
5/29/2022,29019.86719,29498.00977,28841.10742,29445.95703,29445.95703,18093886409
5/30/2022,29443.36523,31949.63086,29303.57227,31726.39063,31726.39063,39277993274
5/31/2022,31723.86523,32249.86328,31286.1543,31792.31055,31792.31055,33538210634
6/1/2022,31792.55469,31957.28516,29501.58789,29799.08008,29799.08008,41135817341
6/2/2022,29794.89063,30604.73438,29652.70508,30467.48828,30467.48828,29083562061
6/3/2022,30467.80664,30633.03516,29375.68945,29704.39063,29704.39063,26175547452
6/4/2022,29706.13867,29930.56445,29500.00586,29832.91406,29832.91406,16588370958
6/5/2022,29835.11719,30117.74414,29574.44922,29906.66211,29906.66211,17264085441
6/6/2022,29910.2832,31693.29102,29894.1875,31370.67188,31370.67188,31947336829
6/7/2022,31371.74219,31489.68359,29311.68359,31155.47852,31155.47852,40770974039
6/8/2022,31151.48047,31253.69141,29944.4043,30214.35547,30214.35547,30242059107
6/9/2022,30215.2793,30609.31055,30020.26563,30111.99805,30111.99805,21692004719
6/10/2022,30110.33008,30245.80859,28978.14648,29083.80469,29083.80469,29867476527
6/11/2022,29084.66602,29401.91602,28236.21289,28360.81055,28360.81055,27246574439
6/12/2022,28373.51367,28502.68555,26762.64844,26762.64844,26762.64844,34163220274
6/13/2022,26737.57813,26795.58984,22141.25781,22487.38867,22487.38867,68204556440
6/14/2022,22487.98633,23018.95117,20950.81836,22206.79297,22206.79297,50913575242
6/15/2022,22196.73047,22642.67188,20178.37695,22572.83984,22572.83984,54912007015
6/16/2022,22576.30469,22868.92188,20265.22656,20381.65039,20381.65039,31183975654
6/17/2022,20385.71875,21243.3125,20326.51953,20471.48242,20471.48242,27132421514
6/18/2022,20473.42578,20736.04102,17708.62305,19017.64258,19017.64258,42009436760
6/19/2022,19010.90234,20683.82227,18067.15234,20553.27148,20553.27148,35329942625
6/20/2022,20553.37109,20913.32227,19689.16992,20599.53711,20599.53711,30818458597
6/21/2022,20594.29492,21620.62891,20415.0625,20710.59766,20710.59766,28970212744
6/22/2022,20719.41406,20835.75,19848.07813,19987.0293,19987.0293,28574793478
6/23/2022,19986.60742,21135.76172,19950.11719,21085.87695,21085.87695,26188097173
6/24/2022,21084.64844,21472.91797,20777.51172,21231.65625,21231.65625,24957784918
6/25/2022,21233.60938,21520.91406,20964.58594,21502.33789,21502.33789,18372538715
6/26/2022,21496.49414,21783.72461,21016.26953,21027.29492,21027.29492,18027170497
6/27/2022,21028.23828,21478.08984,20620.19922,20735.47852,20735.47852,20965695707
6/28/2022,20731.54492,21164.42383,20228.8125,20280.63477,20280.63477,21381535161
6/29/2022,20281.16992,20364.15625,19937.79102,20104.02344,20104.02344,23552740328
6/30/2022,20108.3125,20141.16016,18729.65625,19784.72656,19784.72656,26267239923
7/1/2022,19820.4707,20632.67188,19073.70898,19269.36719,19269.36719,30767551159
7/2/2022,19274.83594,19371.74805,19027.08203,19242.25586,19242.25586,18100418740
7/3/2022,19242.0957,19558.26953,18966.95117,19297.07617,19297.07617,16390821947
7/4/2022,19297.31445,20258.74805,19063.06641,20231.26172,20231.26172,21594638208
7/5/2022,20225.35352,20635.4668,19341.23242,20190.11523,20190.11523,26715546990
7/6/2022,20194.61914,20595.5293,19823.51172,20548.24609,20548.24609,24598943708
7/7/2022,20547.81445,21771.81641,20296.10352,21637.58789,21637.58789,25814972520
7/8/2022,21637.1543,22314.94141,21257.45313,21731.11719,21731.11719,49899834488
7/9/2022,21716.82813,21877.13867,21445.95703,21592.20703,21592.20703,29641127858
7/10/2022,21591.08008,21591.08008,20727.12305,20860.44922,20860.44922,28688807249
7/11/2022,20856.35352,20856.35352,19924.53906,19970.55664,19970.55664,24150249025
7/12/2022,19970.47461,20043.44531,19308.53125,19323.91406,19323.91406,25810220018
7/13/2022,19325.97266,20223.05273,18999.95313,20212.07422,20212.07422,33042430345
7/14/2022,20211.4668,20789.89453,19689.25781,20569.91992,20569.91992,31158743333
7/15/2022,20573.15625,21138.24414,20397,20836.32813,20836.32813,25905575359
7/16/2022,20834.10352,21514.4043,20518.89844,21190.31641,21190.31641,24302954056
7/17/2022,21195.04102,21600.64063,20778.17969,20779.34375,20779.34375,22927802083
7/18/2022,20781.91211,22633.0332,20781.91211,22485.68945,22485.68945,39974475562
7/19/2022,22467.84961,23666.96289,21683.40625,23389.43359,23389.43359,48765202697
7/20/2022,23393.19141,24196.81836,23009.94922,23231.73242,23231.73242,42932549127
7/21/2022,23233.20117,23388.32227,22431.14844,23164.62891,23164.62891,33631012204
7/22/2022,23163.75195,23671.92773,22603.41602,22714.97852,22714.97852,31421555646
7/23/2022,22706.98438,22977.21094,22002.91016,22465.47852,22465.47852,24021799169
7/24/2022,22465.50977,22974.00195,22306.83984,22609.16406,22609.16406,23565495303
7/25/2022,22607.15625,22649.12109,21361.64258,21361.70117,21361.70117,35574561406
7/26/2022,21361.12109,21361.12109,20776.81641,21239.75391,21239.75391,28624673855
7/27/2022,21244.16992,22986.5293,21070.80664,22930.54883,22930.54883,31758955233
7/28/2022,22933.64063,24110.4707,22722.26563,23843.88672,23843.88672,40212386158
7/29/2022,23845.21289,24294.78711,23481.17383,23804.63281,23804.63281,35887249746
7/30/2022,23796.81836,24572.58008,23580.50781,23656.20703,23656.20703,28148218301
7/31/2022,23652.07031,24121.64258,23275.70313,23336.89648,23336.89648,23553591896
8/1/2022,23336.71875,23464.78711,22890.79688,23314.19922,23314.19922,25849159141
8/2/2022,23308.43359,23415.04102,22710.08398,22978.11719,22978.11719,28389250717
8/3/2022,22981.30273,23578.65039,22747.83594,22846.50781,22846.50781,26288169966
8/4/2022,22848.21484,23198.00977,22485.70117,22630.95703,22630.95703,25120229769
8/5/2022,22626.83398,23422.82813,22612.17773,23289.31445,23289.31445,28881249043
8/6/2022,23291.42383,23326.5625,22961.2793,22961.2793,22961.2793,15978259885
8/7/2022,22963.50586,23359.00977,22894.55664,23175.89063,23175.89063,15886817043
8/8/2022,23179.52734,24203.68945,23176.54688,23809.48633,23809.48633,28575544847
8/9/2022,23811.48438,23898.61523,22982,23164.31836,23164.31836,23555719219
8/10/2022,23162.89844,24127.41406,22771.51953,23947.64258,23947.64258,32837431722
8/11/2022,23948.3457,24822.62891,23900.99609,23957.5293,23957.5293,37127036580
8/12/2022,23957.20313,24412.56641,23657.26563,24402.81836,24402.81836,27265804688
8/13/2022,24402.1875,24860.05078,24346.11523,24424.06836,24424.06836,22987346289
8/14/2022,24429.05664,24974.91406,24206.25977,24319.33398,24319.33398,22994133555
8/15/2022,24318.31641,25135.58984,23839.77539,24136.97266,24136.97266,35123501685
8/16/2022,24126.13672,24228.41602,23733.5,23883.29102,23883.29102,27753685646
8/17/2022,23881.31641,24407.05859,23243.35352,23335.99805,23335.99805,30931623076
8/18/2022,23341.03906,23563.83203,23177.60156,23212.73828,23212.73828,23747613147
8/19/2022,23213.3125,23213.3125,20868.84766,20877.55273,20877.55273,40509610260
8/20/2022,20872.8418,21350.80664,20856.73047,21166.06055,21166.06055,27595671000
8/21/2022,21160.39258,21668.8457,21103.19727,21534.12109,21534.12109,23102307723
8/22/2022,21531.46289,21531.46289,20939.18359,21398.9082,21398.9082,31666498758
8/23/2022,21401.04492,21646.20313,20955.13867,21528.08789,21528.08789,31878280659
8/24/2022,21526.45508,21783.07617,21195.00586,21395.01953,21395.01953,31962253368
8/25/2022,21395.45898,21789.63672,21362.44141,21600.9043,21600.9043,31028679593
8/26/2022,21596.08594,21804.9082,20199.48242,20260.01953,20260.01953,42326789564
8/27/2022,20262.48047,20340.77539,19890.52344,20041.73828,20041.73828,30116729776
8/28/2022,20041.03516,20139.05469,19616.81445,19616.81445,19616.81445,24366810591
8/29/2022,19615.1543,20357.46289,19600.78516,20297.99414,20297.99414,32637854078
8/30/2022,20298.61133,20542.64453,19617.64063,19796.80859,19796.80859,34483360283
8/31/2022,19799.58203,20420.99023,19799.58203,20049.76367,20049.76367,33225232872
9/1/2022,20050.49805,20198.39063,19653.96875,20127.14063,20127.14063,30182031010
9/2/2022,20126.07227,20401.56836,19814.76563,19969.77148,19969.77148,29123998928
9/3/2022,19969.71875,20037.00977,19698.35547,19832.08789,19832.08789,23613051457
9/4/2022,19832.4707,19999.68945,19636.81641,19986.71289,19986.71289,25245861652
9/5/2022,19988.78906,20031.16016,19673.04688,19812.37109,19812.37109,28813460025
9/6/2022,19817.72461,20155.26953,18800.17188,18837.66797,18837.66797,43403978910
9/7/2022,18837.68359,19427.17188,18644.4668,19290.32422,19290.32422,35239757134
9/8/2022,19289.94141,19417.35156,19076.71484,19329.83398,19329.83398,32194477850
9/9/2022,19328.14063,21439.41016,19310.96289,21381.15234,21381.15234,48469528171
9/10/2022,21376.91211,21760.27539,21168.72266,21680.53906,21680.53906,36913738894
9/11/2022,21678.54297,21770.55273,21406.94531,21769.25586,21769.25586,34493951963
9/12/2022,21770.14844,22439.18164,21603.89648,22370.44922,22370.44922,50212088965
9/13/2022,22371.48047,22673.82031,20062.66992,20296.70703,20296.70703,51091116622
9/14/2022,20184.55469,20467.20117,19793.39648,20241.08984,20241.08984,37872380889
9/15/2022,20242.28906,20318.16602,19636.73438,19701.21094,19701.21094,36389011503
9/16/2022,19704.00586,19870.62891,19400.07617,19772.58398,19772.58398,30123362273
9/17/2022,19777.0332,20162.53125,19777.0332,20127.57617,20127.57617,24957448100
9/18/2022,20127.23438,20127.23438,19387.49219,19419.50586,19419.50586,31254779144
9/19/2022,19418.57227,19639.48047,18390.31836,19544.12891,19544.12891,40177002624
9/20/2022,19545.5918,19602.45703,18813.45508,18890.78906,18890.78906,36791346508
9/21/2022,18891.2832,19674.63086,18290.31445,18547.40039,18547.40039,46363793975
9/22/2022,18534.65039,19456.91016,18415.5918,19413.55078,19413.55078,41135767926
9/23/2022,19412.40039,19464.67188,18617.55273,19297.63867,19297.63867,38896078052
9/24/2022,19296.99023,19310.19727,18861.97461,18937.01172,18937.01172,26149643168
9/25/2022,18936.31055,19134.73242,18696.46875,18802.09766,18802.09766,23359966112
9/26/2022,18803.90039,19274.87305,18721.28516,19222.67188,19222.67188,44148798321
9/27/2022,19221.83984,20338.45508,18915.66797,19110.54688,19110.54688,58571439619
9/28/2022,19104.62109,19688.34375,18553.29688,19426.7207,19426.7207,53071298734
9/29/2022,19427.7793,19589.26563,18924.35352,19573.05078,19573.05078,41037843771
9/30/2022,19573.43164,20109.84961,19265.66211,19431.78906,19431.78906,43975248085
10/1/2022,19431.10547,19471.1543,19231.08203,19312.0957,19312.0957,18719537670
10/2/2022,19311.84961,19370.30859,18970.62109,19044.10742,19044.10742,20765955327
10/3/2022,19044.06836,19653.54297,19025.22656,19623.58008,19623.58008,30484729489
10/4/2022,19623.58398,20380.34375,19523.83984,20336.84375,20336.84375,35887278685
10/5/2022,20335.90039,20343.74805,19801.80078,20160.7168,20160.7168,33223790572
10/6/2022,20161.03906,20408.39258,19900.08789,19955.44336,19955.44336,34711412966
10/7/2022,19957.55859,20041.08594,19395.79297,19546.84961,19546.84961,29227315390
10/8/2022,19546.32813,19601.69531,19299.41406,19416.56836,19416.56836,16437423167
10/9/2022,19417.47852,19542.53906,19349.25977,19446.42578,19446.42578,16837262532
10/10/2022,19446.41602,19515.4668,19102.97852,19141.48438,19141.48438,27425022774
10/11/2022,19139,19241.96094,18925.60352,19051.41797,19051.41797,28711532910
10/12/2022,19052.64648,19203.19922,19029.75781,19157.44531,19157.44531,24950173846
10/13/2022,19156.9668,19453.32813,18319.82227,19382.9043,19382.9043,44219840004
10/14/2022,19382.5332,19889.14648,19115.4082,19185.65625,19185.65625,38452356727
10/15/2022,19185.4375,19212.54102,19019.25,19067.63477,19067.63477,16192235532
10/16/2022,19068.91406,19389.60352,19068.91406,19268.09375,19268.09375,17988916650
10/17/2022,19268.5625,19635.80273,19173.33398,19550.75781,19550.75781,27472552998
10/18/2022,19550.4668,19666.99414,19144.76953,19334.41602,19334.41602,30580012344
10/19/2022,19335.02734,19348.41602,19127.6875,19139.53516,19139.53516,22425387184
10/20/2022,19138.08594,19315.19922,18971.45898,19053.74023,19053.74023,24493974420
10/21/2022,19053.20313,19237.38477,18770.9707,19172.46875,19172.46875,32459287866
10/22/2022,19172.38086,19248.06836,19132.24414,19208.18945,19208.18945,16104440957
10/23/2022,19207.73438,19646.65234,19124.19727,19567.00781,19567.00781,22128794335
10/24/2022,19567.76953,19589.125,19206.32422,19345.57227,19345.57227,30202235805
10/25/2022,19344.96484,20348.41211,19261.44727,20095.85742,20095.85742,47761524910
10/26/2022,20092.23633,20938.13477,20076.11719,20770.44141,20770.44141,58895950537
10/27/2022,20772.80273,20854.04492,20255.37305,20285.83594,20285.83594,49625110402
10/28/2022,20287.95703,20724.98047,20086.06836,20595.35156,20595.35156,43994715910
10/29/2022,20595.10352,20988.39453,20566.48438,20818.47656,20818.47656,40369840645
10/30/2022,20817.98242,20917.00586,20547.46289,20635.60352,20635.60352,31486345556
10/31/2022,20633.69531,20795.32031,20287.45898,20495.77344,20495.77344,45668466815
11/1/2022,20494.89844,20647.28906,20359.8457,20485.27344,20485.27344,39819303159
11/2/2022,20482.95898,20742.81055,20087.13477,20159.50391,20159.50391,55552169483
11/3/2022,20162.68945,20382.0957,20086.24023,20209.98828,20209.98828,43228750179
11/4/2022,20208.76953,21209.56055,20188.01953,21147.23047,21147.23047,64072727950
11/5/2022,21144.83203,21446.88672,21097.63477,21282.69141,21282.69141,37846047609
11/6/2022,21285.05664,21345.37695,20920.19141,20926.48633,20926.48633,35082693210
11/7/2022,20924.62109,21053.24609,20489.97266,20602.81641,20602.81641,53510852236
11/8/2022,20600.67188,20664.60742,17603.54492,18541.27148,18541.27148,1.19E+11
11/9/2022,18543.76172,18590.45898,15682.69238,15880.78027,15880.78027,1.03E+11
11/10/2022,15883.1582,18054.3125,15834.01855,17586.77148,17586.77148,83202283721
11/11/2022,17583.25195,17650.94336,16543.48242,17034.29297,17034.29297,55871616488
11/12/2022,17036.875,17066.67578,16651.77539,16799.18555,16799.18555,29717699419
11/13/2022,16799.72266,16920.76563,16320.63477,16353.36523,16353.36523,27209183682
11/14/2022,16352.02832,17109.32422,15872.94141,16618.19922,16618.19922,49630243054
11/15/2022,16617.48438,17051.96289,16542.55078,16884.61328,16884.61328,36599436183
11/16/2022,16884.3418,16960.29492,16430.11133,16669.43945,16669.43945,33925512989
11/17/2022,16670.42578,16726.43945,16460.68359,16687.51758,16687.51758,27868914022
11/18/2022,16687.91211,16947.05859,16564.61133,16697.77734,16697.77734,26862218609
11/19/2022,16696.2207,16797.87695,16570.41016,16711.54688,16711.54688,16106223492
11/20/2022,16712.91992,16746.7793,16248.69238,16291.83203,16291.83203,21313378652
11/21/2022,16291.22363,16291.22363,15599.04688,15787.28418,15787.28418,37429485518
11/22/2022,15782.30078,16253.04785,15656.60645,16189.76953,16189.76953,30726828760
11/23/2022,16195.58887,16638.19336,16170.50293,16610.70703,16610.70703,32958875628
11/24/2022,16611.63672,16771.47461,16501.76758,16604.46484,16604.46484,26129037414
11/25/2022,16602.26953,16603.31641,16388.4043,16521.8418,16521.8418,18678255976
11/26/2022,16521.57617,16666.86328,16416.22852,16464.28125,16464.28125,18000008764
11/27/2022,16463.88281,16594.40625,16437.02539,16444.62695,16444.62695,20443898509
11/28/2022,16440.22266,16482.93359,16054.53027,16217.32227,16217.32227,27743025156
11/29/2022,16217.63965,16522.25781,16139.39648,16444.98242,16444.98242,23581685468
11/30/2022,16445.47656,17190.9375,16445.47656,17168.56641,17168.56641,29523576583
12/1/2022,17168.00195,17197.49805,16888.38867,16967.13281,16967.13281,22895392882
12/2/2022,16968.68359,17088.66016,16877.88086,17088.66016,17088.66016,19539705127
12/3/2022,17090.09766,17116.04102,16888.14063,16908.23633,16908.23633,16217776704
12/4/2022,16908.16992,17157.76758,16903.43945,17130.48633,17130.48633,16824520830
12/5/2022,17128.89453,17378.15234,16922.43164,16974.82617,16974.82617,22209086834
12/6/2022,16975.23828,17091.86328,16939.92188,17089.50391,17089.50391,19889922369
12/7/2022,17089.50586,17109.37695,16750.55859,16848.12695,16848.12695,19675404389
12/8/2022,16847.34961,17267.91602,16788.7832,17233.47461,17233.47461,20496603770
12/9/2022,17232.14844,17280.54688,17100.83594,17133.15234,17133.15234,20328426366
12/10/2022,17134.2207,17216.82617,17120.68359,17128.72461,17128.72461,12706781969
12/11/2022,17129.71094,17245.63477,17091.82031,17104.19336,17104.19336,14122486832
12/12/2022,17102.5,17212.56445,16899.39453,17206.4375,17206.4375,19617581341
12/13/2022,17206.44141,17930.08594,17111.76367,17781.31836,17781.31836,26634741631
12/14/2022,17782.06641,18318.53125,17739.51367,17815.65039,17815.65039,25534481470
12/15/2022,17813.64453,17846.74414,17322.58984,17364.86523,17364.86523,20964448341
12/16/2022,17364.54688,17505.52539,16584.70117,16647.48438,16647.48438,24031608960
12/17/2022,16646.98242,16800.58984,16614.0293,16795.0918,16795.0918,14463581825
12/18/2022,16795.60938,16815.38672,16697.82031,16757.97656,16757.97656,10924354698
12/19/2022,16759.04102,16807.52734,16398.13672,16439.67969,16439.67969,17221074814
12/20/2022,16441.78711,17012.98438,16427.86719,16906.30469,16906.30469,22722096615
12/21/2022,16904.52734,16916.80078,16755.91211,16817.53516,16817.53516,14882945045
12/22/2022,16818.38086,16866.67383,16592.4082,16830.3418,16830.3418,16441573050
12/23/2022,16829.64453,16905.21875,16794.45898,16796.95313,16796.95313,15329265213
12/24/2022,16796.97656,16864.70313,16793.52734,16847.75586,16847.75586,9744636213
12/25/2022,16847.50586,16860.55469,16755.25391,16841.98633,16841.98633,11656379938
12/26/2022,16842.25,16920.12305,16812.36914,16919.80469,16919.80469,11886957804
12/27/2022,16919.29102,16959.8457,16642.07227,16717.17383,16717.17383,15748580239
12/28/2022,16716.40039,16768.16992,16497.55664,16552.57227,16552.57227,17005713920
12/29/2022,16552.32227,16651.75586,16508.68359,16642.3418,16642.3418,14472237479
12/30/2022,16641.33008,16643.42773,16408.47461,16602.58594,16602.58594,15929162910
12/31/2022,16603.67383,16628.98633,16517.51953,16547.49609,16547.49609,11239186456
1/1/2023,16547.91406,16630.43945,16521.23438,16625.08008,16625.08008,9244361700
1/2/2023,16625.50977,16759.34375,16572.22852,16688.4707,16688.4707,12097775227
1/3/2023,16688.84766,16760.44727,16622.37109,16679.85742,16679.85742,13903079207
1/4/2023,16680.20508,16964.58594,16667.76367,16863.23828,16863.23828,18421743322
1/5/2023,16863.47266,16884.02148,16790.2832,16836.73633,16836.73633,13692758566
1/6/2023,16836.47266,16991.99414,16716.42188,16951.96875,16951.96875,14413662913
1/7/2023,16952.11719,16975.01758,16914.19141,16955.07813,16955.07813,7714767174
1/8/2023,16954.14648,17091.14453,16924.05078,17091.14453,17091.14453,9768827914
1/9/2023,17093.99219,17389.95703,17093.99219,17196.55469,17196.55469,18624736866
1/10/2023,17192.94922,17484.7207,17162.99023,17446.29297,17446.29297,15808338949
1/11/2023,17446.35938,17934.89648,17337.99414,17934.89648,17934.89648,18372283782
1/12/2023,18117.59375,19030.08789,17995.20313,18869.58789,18869.58789,34971338710
1/13/2023,18868.90625,19964.32227,18753.16406,19909.57422,19909.57422,29225029694
1/14/2023,19910.53711,21075.14258,19907.82813,20976.29883,20976.29883,38967784639
1/15/2023,20977.48438,20993.74805,20606.98633,20880.79883,20880.79883,19298407543
1/16/2023,20882.22461,21360.875,20715.74609,21169.63281,21169.63281,26792494050
1/17/2023,21175.83398,21438.66016,20978.5332,21161.51953,21161.51953,24999983362
1/18/2023,21161.05078,21564.50195,20541.54492,20688.78125,20688.78125,30005625418
1/19/2023,20686.74609,21163.01172,20685.38086,21086.79297,21086.79297,21152848261
1/20/2023,21085.37305,22692.35742,20919.12695,22676.55273,22676.55273,28799154319
1/21/2023,22677.42773,23282.34766,22511.83398,22777.625,22777.625,32442278429
1/22/2023,22777.98633,23056.73047,22387.90039,22720.41602,22720.41602,24746386230
1/23/2023,22721.08789,23126.48633,22654.30469,22934.43164,22934.43164,26518700512
1/24/2023,22929.62695,23134.01172,22549.74414,22636.46875,22636.46875,26405069715
1/25/2023,22639.26758,23722.09961,22406.07617,23117.85938,23117.85938,30685366709
1/26/2023,23108.95508,23237.07813,22911.37305,23032.77734,23032.77734,26357839322
1/27/2023,23030.7168,23417.7207,22654.59375,23078.72852,23078.72852,25383335641
1/28/2023,23079.96484,23165.89648,22908.8457,23031.08984,23031.08984,14712928379
1/29/2023,23031.44922,23919.89063,22985.07031,23774.56641,23774.56641,27423687259
1/30/2023,23774.64844,23789.34766,22657.58203,22840.13867,22840.13867,27205595568
1/31/2023,22840.79688,23225.02148,22765.56836,23139.2832,23139.2832,22837828665
2/1/2023,23137.83594,23764.53906,22877.75,23723.76953,23723.76953,26683255504
2/2/2023,23720.82422,24167.21094,23468.5957,23471.87109,23471.87109,32066936882
2/3/2023,23469.41211,23678.10352,23279.95508,23449.32227,23449.32227,27083066007
2/4/2023,23446.32031,23556.94922,23291.79492,23331.84766,23331.84766,15639298538
2/5/2023,23332.24805,23423.43555,22841.75977,22955.66602,22955.66602,19564262605
2/6/2023,22954.02148,23119.2793,22692.02539,22760.10938,22760.10938,23825006542
2/7/2023,22757.26758,23310.97461,22756.25781,23264.29102,23264.29102,27187964471
2/8/2023,23263.41602,23367.95898,22731.09766,22939.39844,22939.39844,25371367758
2/9/2023,22946.56641,22996.4375,21773.97461,21819.03906,21819.03906,32572572185
2/10/2023,21819.00586,21941.18555,21539.39258,21651.18359,21651.18359,27078406594
2/11/2023,21651.8418,21891.41016,21618.44922,21870.875,21870.875,16356226232
2/12/2023,21870.90234,22060.99414,21682.82813,21788.20313,21788.20313,17821046406
2/13/2023,21787,21898.41406,21460.08789,21808.10156,21808.10156,23918742607
2/14/2023,21801.82227,22293.14063,21632.39453,22220.80469,22220.80469,26792596581
2/15/2023,22220.58594,24307.8418,22082.76953,24307.8418,24307.8418,32483312909
2/16/2023,24307.34961,25134.11719,23602.52344,23623.47461,23623.47461,39316664596
2/17/2023,23621.2832,24924.04102,23460.75586,24565.60156,24565.60156,41358451255
2/18/2023,24565.29688,24798.83594,24468.37305,24641.27734,24641.27734,19625427158
2/19/2023,24640.02734,25093.05469,24327.64258,24327.64258,24327.64258,25555105670
2/20/2023,24336.62305,25020.45898,23927.91016,24829.14844,24829.14844,28987376573
2/21/2023,24833.04883,25126.85156,24200.36328,24436.35352,24436.35352,31252098714
2/22/2023,24437.41797,24472.33984,23644.31836,24188.84375,24188.84375,30199996781
2/23/2023,24190.71875,24572.08984,23693.91992,23947.49219,23947.49219,30476264066
2/24/2023,23946.00781,24103.70508,23007.07227,23198.12695,23198.12695,26811744928
2/25/2023,23200.125,23210.21094,22861.55859,23175.375,23175.375,16100721565
2/26/2023,23174.15039,23654.36719,23084.2207,23561.21289,23561.21289,16644534842
2/27/2023,23561.45117,23857.89063,23205.87891,23522.87109,23522.87109,22660763494
2/28/2023,23521.83789,23585.38477,23077.65039,23147.35352,23147.35352,20535363434
3/1/2023,23150.92969,23880.63281,23088.62695,23646.55078,23646.55078,24662841200
3/2/2023,23647.01953,23739.13867,23245.02148,23475.4668,23475.4668,20386398516
3/3/2023,23476.63281,23479.34766,22213.23828,22362.67969,22362.67969,26062404610
3/4/2023,22362.92383,22405.17773,22198.98047,22353.34961,22353.34961,11166012913
3/5/2023,22354.14453,22613.68555,22307.14258,22435.51367,22435.51367,13317001733
3/6/2023,22436.81641,22584.29297,22331.31445,22429.75781,22429.75781,17353192895
3/7/2023,22428.32227,22527.41797,22011.26172,22219.76953,22219.76953,22765452204
3/8/2023,22216.44141,22268.89648,21708.05078,21718.08008,21718.08008,22536575684
3/9/2023,21720.08008,21802.7168,20210.30664,20363.02148,20363.02148,30364664171
3/10/2023,20367.00195,20370.5957,19628.25391,20187.24414,20187.24414,39578257695
3/11/2023,20187.87695,20792.52539,20068.66016,20632.41016,20632.41016,30180288176
3/12/2023,20628.0293,22185.03125,20448.80664,22163.94922,22163.94922,29279035521
3/13/2023,22156.40625,24550.83789,21918.19922,24197.5332,24197.5332,49466362688
3/14/2023,24201.76563,26514.7168,24081.18359,24746.07422,24746.07422,54622230164
3/15/2023,24770.92578,25240.61523,23964.91016,24375.96094,24375.96094,43655701450
3/16/2023,24373.45703,25190.32617,24225.11133,25052.78906,25052.78906,33866061747
3/17/2023,25055.12305,27787.8125,24955.16992,27423.92969,27423.92969,50730261335
3/18/2023,27448.11719,27725.95313,26636.26172,26965.87891,26965.87891,35723036817
3/19/2023,26969.50391,28440.56055,26907.7168,28038.67578,28038.67578,37769448859
3/20/2023,28041.60156,28527.72461,27242.88086,27767.23633,27767.23633,44774027664
3/21/2023,27768.39258,28439.5625,27439.64648,28175.81641,28175.81641,36102192830
3/22/2023,28158.7207,28803.33594,26759.99609,27307.4375,27307.4375,33382021890
3/23/2023,27301.95703,28729.84375,27183.36328,28333.97266,28333.97266,24220433689
3/24/2023,28324.11133,28388.4375,27039.26563,27493.28516,27493.28516,25980310960
3/25/2023,27487.33789,27791.82617,27196.23438,27494.70703,27494.70703,13383005987
3/26/2023,27495.52344,28178.14453,27445.04688,27994.33008,27994.33008,13878363192
3/27/2023,27994.06836,28037.92578,26606.68945,27139.88867,27139.88867,18188895178
3/28/2023,27132.88867,27460.71875,26677.81836,27268.13086,27268.13086,17783600385
3/29/2023,27267.03125,28619.54297,27259.66211,28348.44141,28348.44141,20684945906
3/30/2023,28350.14063,29159.90234,27720.16016,28033.5625,28033.5625,22435349951
3/31/2023,28032.26172,28639.89648,27583.71484,28478.48438,28478.48438,19001327598
4/1/2023,28473.33203,28802.45703,28297.17188,28411.03516,28411.03516,10876469901
4/2/2023,28462.8457,28518.95898,27884.08789,28199.30859,28199.30859,12284641999
4/3/2023,28183.08008,28475.62305,27276.7207,27790.2207,27790.2207,19556501327
4/4/2023,27795.27344,28433.74219,27681.30469,28168.08984,28168.08984,15284538859
4/5/2023,28169.72656,28739.23828,27843.76367,28177.98438,28177.98438,17052315986
4/6/2023,28175.22656,28178.38477,27738.75977,28044.14063,28044.14063,13837809380
4/7/2023,28038.9668,28111.59375,27794.03125,27925.85938,27925.85938,10861680497
4/8/2023,27920.51367,28159.86328,27883.38672,27947.79492,27947.79492,9373255556
4/9/2023,27952.36719,28532.83008,27828.48047,28333.05078,28333.05078,12175322951
4/10/2023,28336.02734,29771.46484,28189.27148,29652.98047,29652.98047,19282400094
4/11/2023,29653.67969,30509.08398,29609.30078,30235.05859,30235.05859,20121259843
4/12/2023,30231.58203,30462.48047,29725.57422,30139.05273,30139.05273,18651929926
4/13/2023,29892.74023,30539.8457,29878.62305,30399.06641,30399.06641,17487721001
4/14/2023,30409.5625,31005.60742,30044.49805,30485.69922,30485.69922,22659995079
4/15/2023,30490.75,30601.74023,30245.88281,30318.49609,30318.49609,11940685378
4/16/2023,30315.97656,30555.53711,30157.83203,30315.35547,30315.35547,12854816417
4/17/2023,30317.14648,30319.19727,29275.37109,29445.04492,29445.04492,17872186762
4/18/2023,29449.0918,30470.30273,29154.84961,30397.55273,30397.55273,19480529496
4/19/2023,30394.1875,30411.05469,28669.89844,28822.67969,28822.67969,24571565421
4/20/2023,28823.68359,29076.40039,28037.25781,28245.98828,28245.98828,21340360360
4/21/2023,28249.23047,28349.96875,27177.36523,27276.91016,27276.91016,20759504330
4/22/2023,27265.89453,27872.14258,27169.57031,27817.5,27817.5,13125734602
4/23/2023,27816.14453,27820.24414,27400.31445,27591.38477,27591.38477,12785446832
4/24/2023,27591.73047,27979.98242,27070.84961,27525.33984,27525.33984,17703288330
4/25/2023,27514.87305,28371.07813,27207.93164,28307.59766,28307.59766,17733373139
4/26/2023,28300.05859,29995.83789,27324.54883,28422.70117,28422.70117,31854242019
4/27/2023,28428.46484,29871.54688,28402.88672,29473.78711,29473.78711,27153445027
4/28/2023,29481.01367,29572.79102,28929.60938,29340.26172,29340.26172,17544464887
4/29/2023,29336.56641,29452.45508,29088.04297,29248.48828,29248.48828,10662634333
4/30/2023,29245.51563,29952.0293,29114.02148,29268.80664,29268.80664,14652199272
5/1/2023,29227.10352,29329.93555,27680.79297,28091.56836,28091.56836,18655599976
5/2/2023,28087.17578,28881.29883,27924.12305,28680.53711,28680.53711,16432924527
5/3/2023,28680.49414,29259.5332,28178.38867,29006.30859,29006.30859,19122972518
5/4/2023,29031.30469,29353.18555,28694.03906,28847.71094,28847.71094,15548678514
5/5/2023,28851.48047,29668.9082,28845.50977,29534.38477,29534.38477,17936566518
5/6/2023,29538.85938,29820.12695,28468.9668,28904.62305,28904.62305,15913866714
5/7/2023,28901.62305,29157.51758,28441.36719,28454.97852,28454.97852,11301355486
5/8/2023,28450.45703,28663.27148,27310.13477,27694.27344,27694.27344,19122903752
5/9/2023,27695.06836,27821.40039,27375.60156,27658.77539,27658.77539,14128593256
5/10/2023,27654.63672,28322.6875,26883.66992,27621.75586,27621.75586,20656025026
5/11/2023,27621.08594,27621.94141,26781.82617,27000.78906,27000.78906,16724343943
5/12/2023,26987.66211,27055.64648,25878.42969,26804.99023,26804.99023,19313599897
5/13/2023,26807.76953,27030.48242,26710.87305,26784.07813,26784.07813,9999171605
5/14/2023,26788.97461,27150.97656,26661.35547,26930.63867,26930.63867,10014858959
5/15/2023,26931.38477,27646.34766,26766.09766,27192.69336,27192.69336,14413231792
5/16/2023,27171.51367,27299.30469,26878.94727,27036.65039,27036.65039,12732238816
5/17/2023,27035.4707,27465.92773,26600.14453,27398.80273,27398.80273,15140006925
5/18/2023,27401.65039,27466.52734,26415.10156,26832.20898,26832.20898,15222938600
5/19/2023,26826.75391,27128.61914,26700.21094,26890.12891,26890.12891,11258983301
5/20/2023,26888.8418,27155.1582,26843.27734,27129.58594,27129.58594,7044911360
5/21/2023,27118.42383,27265.91797,26706.92188,26753.82617,26753.82617,8647416921
5/22/2023,26749.89258,27045.73438,26549.73438,26851.27734,26851.27734,11056770492
5/23/2023,26855.96094,27434.68359,26816.17969,27225.72656,27225.72656,13697203143
5/24/2023,27224.60352,27224.60352,26106.57617,26334.81836,26334.81836,16299104428
5/25/2023,26329.46094,26591.51953,25890.59375,26476.20703,26476.20703,13851122697
5/26/2023,26474.18164,26916.66992,26343.94922,26719.29102,26719.29102,12711619225
5/27/2023,26720.18164,26888.88281,26621.14063,26868.35352,26868.35352,7892015141
5/28/2023,26871.1582,28193.44922,26802.75195,28085.64648,28085.64648,14545229578
5/29/2023,28075.5918,28432.03906,27563.87695,27745.88477,27745.88477,15181308984
5/30/2023,27745.12305,28044.75977,27588.50195,27702.34961,27702.34961,13251081851
5/31/2023,27700.5293,27831.67773,26866.45313,27219.6582,27219.6582,15656371534
6/1/2023,27218.41211,27346.10547,26671.7207,26819.97266,26819.97266,14678970415
6/2/2023,26824.55664,27303.86133,26574.64453,27249.58984,27249.58984,14837415000
6/3/2023,27252.32422,27317.05273,26958.00391,27075.12891,27075.12891,8385597470
6/4/2023,27075.12305,27407.01953,26968.22461,27119.06641,27119.06641,9360912318
6/5/2023,27123.10938,27129.98242,25445.16797,25760.09766,25760.09766,21513292646
6/6/2023,25732.10938,27313.82031,25434.86719,27238.7832,27238.7832,21929670693
6/7/2023,27235.65039,27332.18164,26146.98828,26345.99805,26345.99805,19530045082
6/8/2023,26347.6543,26797.51367,26246.66406,26508.2168,26508.2168,11904824295
6/9/2023,26505.92383,26770.28906,26339.31445,26480.375,26480.375,11015551640
6/10/2023,26481.76172,26531.04492,25501.83594,25851.24023,25851.24023,19872933189
6/11/2023,25854.03125,26203.43945,25668.98633,25940.16797,25940.16797,10732609603
6/12/2023,25934.28516,26087.91992,25675.19727,25902.5,25902.5,11677889997
6/13/2023,25902.94141,26376.35156,25728.36523,25918.72852,25918.72852,14143474486
6/14/2023,25920.25781,26041.80078,24902.15234,25124.67578,25124.67578,14265717766
6/15/2023,25121.67383,25735.30859,24797.16797,25576.39453,25576.39453,15837384409
6/16/2023,25575.2832,26463.17383,25245.35742,26327.46289,26327.46289,16324646965
6/17/2023,26328.67969,26769.39453,26174.49219,26510.67578,26510.67578,11090276850
6/18/2023,26510.45703,26675.92578,26325.89063,26336.21289,26336.21289,9565695129
6/19/2023,26335.44141,26984.61133,26312.83203,26851.0293,26851.0293,12826986222
6/20/2023,26841.66406,28388.96875,26668.79102,28327.48828,28327.48828,22211859147
6/21/2023,28311.31055,30737.33008,28283.41016,30027.29688,30027.29688,33346760979
6/22/2023,29995.93555,30495.99805,29679.1582,29912.28125,29912.28125,20653160491
6/23/2023,29896.38281,31389.53906,29845.21484,30695.46875,30695.46875,24115570085
6/24/2023,30708.73828,30804.14844,30290.14648,30548.69531,30548.69531,12147822496
6/25/2023,30545.15039,31041.27148,30327.94336,30480.26172,30480.26172,12703464114
6/26/2023,30480.52344,30636.0293,29955.74414,30271.13086,30271.13086,16493186997
6/27/2023,30274.32031,31006.78711,30236.65039,30688.16406,30688.16406,16428827944
6/28/2023,30696.56055,30703.2793,29921.82227,30086.24609,30086.24609,14571500779
6/29/2023,30086.1875,30796.25,30057.20313,30445.35156,30445.35156,13180860821
6/30/2023,30441.35352,31256.86328,29600.27539,30477.25195,30477.25195,26387306197
7/1/2023,30471.84766,30641.28906,30328.86523,30590.07813,30590.07813,9086606733
7/2/2023,30587.26953,30766.14063,30264.01953,30620.76953,30620.76953,10533418042
7/3/2023,30624.51563,31375.61328,30586.51367,31156.43945,31156.43945,15271884873
7/4/2023,31156.86523,31325.19727,30659.35547,30777.58203,30777.58203,12810828427
